"ScoreRecent","GradeRecent","DateRecent","Score2","Grade2","Date2","Score3","Grade3","Date3","permit_number","facility_type","facility_type_description","subtype","subtype_description","premise_name","premise_address","premise_city","premise_state","premise_zip","opening_date"
"97","C","2019-09-11 00:00:00","100","A","2019-02-04 00:00:00","100","A","2018-10-22 00:00:00","30248","605","FOOD SERVICE ESTABLISHMENT","33","SCHOOL CAFETERIA OR FOOD SERVICE","NEWCOMER ACADEMY","3741 PULLIAM DR","LOUISVILLE","KY","40218","1988-11-14 00:00:00"
"100","A","2019-09-23 00:00:00","98","A","2019-02-20 00:00:00","100","A","2018-09-13 00:00:00","31371","605","FOOD SERVICE ESTABLISHMENT","33","SCHOOL CAFETERIA OR FOOD SERVICE","ZACHARY TAYLOR ELEMENTARY","9620 WESTPORT RD","LOUISVILLE","KY","40241","1989-01-24 00:00:00"
"100","A","2019-09-13 00:00:00","96","A","2019-03-12 00:00:00","98","A","2018-08-27 00:00:00","31372","605","FOOD SERVICE ESTABLISHMENT","33","SCHOOL CAFETERIA OR FOOD SERVICE","TRINITY HIGH SCHOOL","4011 SHELBYVILLE RD","LOUISVILLE","KY","40207","2009-10-20 00:00:00"
"100","A","2019-09-11 00:00:00","100","A","2019-03-11 00:00:00","100","A","2018-09-06 00:00:00","31373","605","FOOD SERVICE ESTABLISHMENT","33","SCHOOL CAFETERIA OR FOOD SERVICE","TRUNNELL ELEMENTARY SCHOOL","7609 ST. ANDREWS CHURCH RD","LOUISVILLE","KY","40214","1988-07-14 00:00:00"
"100","A","2019-10-18 00:00:00","100","A","2019-03-04 00:00:00","100","A","2018-10-23 00:00:00","31375","605","FOOD SERVICE ESTABLISHMENT","33","SCHOOL CAFETERIA OR FOOD SERVICE","WAGGENER HIGH SCHOOL","330 S HUBBARDS LN","LOUISVILLE","KY","40207","1988-07-14 00:00:00"
"100","A","2019-09-09 00:00:00","100","A","2019-02-22 00:00:00","100","A","2018-09-05 00:00:00","31377","605","FOOD SERVICE ESTABLISHMENT","33","SCHOOL CAFETERIA OR FOOD SERVICE","WATSON LANE ELEMENTARY","7201 WATSON LN","LOUISVILLE","KY","40272","1988-07-14 00:00:00"
"100","A","2019-10-14 00:00:00","100","A","2019-02-07 00:00:00","100","A","2018-10-02 00:00:00","31378","605","FOOD SERVICE ESTABLISHMENT","33","SCHOOL CAFETERIA OR FOOD SERVICE","WATTERSON ELEMENTARY","3900 BRECKENRIDGE LN","LOUISVILLE","KY","40218","1988-07-14 00:00:00"
"100","A","2019-10-01 00:00:00","93","C","2019-02-04 00:00:00","98","A","2018-09-19 00:00:00","31379","605","FOOD SERVICE ESTABLISHMENT","33","SCHOOL CAFETERIA OR FOOD SERVICE","WESTPORT MIDDLE SCHOOL","8100 WESTPORT RD","LOUISVILLE","KY","40242","1988-07-14 00:00:00"
"99","A","2019-10-29 00:00:00","100","A","2019-01-14 00:00:00","97","A","2018-09-11 00:00:00","31380","605","FOOD SERVICE ESTABLISHMENT","33","SCHOOL CAFETERIA OR FOOD SERVICE","WESTERN HIGH SCHOOL","2501 ROCKFORD LN","LOUISVILLE","KY","40216","1989-01-24 00:00:00"
"100","A","2019-10-28 00:00:00","100","A","2019-03-25 00:00:00","100","A","2018-09-25 00:00:00","31381","605","FOOD SERVICE ESTABLISHMENT","33","SCHOOL CAFETERIA OR FOOD SERVICE","WELLINGTON ELEMENTARY","4800 KAUFMAN LN","LOUISVILLE","KY","40216","1989-01-24 00:00:00"
"99","A","2019-09-06 00:00:00","100","A","2019-03-20 00:00:00","100","A","2018-09-17 00:00:00","31383","605","FOOD SERVICE ESTABLISHMENT","33","SCHOOL CAFETERIA OR FOOD SERVICE","WHEATLEY ELEMENTARY SCHOOL","1107 S 17TH ST","LOUISVILLE","KY","40210","1989-01-24 00:00:00"
"100","A","2019-10-16 00:00:00","100","A","2019-02-05 00:00:00","100","A","2018-10-23 00:00:00","31384","605","FOOD SERVICE ESTABLISHMENT","33","SCHOOL CAFETERIA OR FOOD SERVICE","WHEELER ELEMENTARY SCHOOL","5700 CYNTHIA DR","LOUISVILLE","KY","40291","1988-07-14 00:00:00"
"100","A","2019-09-11 00:00:00","100","A","2019-02-08 00:00:00","98","A","2018-09-12 00:00:00","31386","605","FOOD SERVICE ESTABLISHMENT","33","SCHOOL CAFETERIA OR FOOD SERVICE","WILDER ELEMENTARY SCHOOL","1913 HERR LN","LOUISVILLE","KY","40222","1989-02-27 00:00:00"
"100","A","2019-09-25 00:00:00","100","A","2019-03-11 00:00:00","100","A","2018-09-25 00:00:00","31387","605","FOOD SERVICE ESTABLISHMENT","33","SCHOOL CAFETERIA OR FOOD SERVICE","WILKERSON ELEMENTARY SCHOOL","5601 JOHNSONTOWN RD","LOUISVILLE","KY","40272","1988-07-14 00:00:00"
"99","A","2019-08-23 00:00:00","100","A","2019-03-08 00:00:00","96","A","2018-09-11 00:00:00","31388","605","FOOD SERVICE ESTABLISHMENT","33","SCHOOL CAFETERIA OR FOOD SERVICE","WILT ELEMENTARY SCHOOL","6700 PRICE LN","LOUISVILLE","KY","40229","1989-01-24 00:00:00"
"100","A","2019-11-08 00:00:00","100","A","2019-04-09 00:00:00","100","A","2018-10-26 00:00:00","31389","605","FOOD SERVICE ESTABLISHMENT","33","SCHOOL CAFETERIA OR FOOD SERVICE","JEFFERSON CO. TRADITIONAL MIDDLE SCHOOL","1418 MORTON AVE","LOUISVILLE","KY","40204","1988-07-14 00:00:00"
"100","A","2019-08-26 00:00:00","100","A","2019-01-25 00:00:00","100","A","2018-08-23 00:00:00","31390","605","FOOD SERVICE ESTABLISHMENT","33","SCHOOL CAFETERIA OR FOOD SERVICE","WESTERN MIDDLE SCHOOL","2201 W MAIN ST","LOUISVILLE","KY","40212","1989-03-29 00:00:00"
"100","A","2019-09-10 00:00:00","100","A","2019-01-14 00:00:00","100","A","2018-09-04 00:00:00","31391","605","FOOD SERVICE ESTABLISHMENT","33","SCHOOL CAFETERIA OR FOOD SERVICE","WALLER WILLIAMS ENVIRONMENTAL SCHOOL","2415 ROCKFORD LN","LOUISVILLE","KY","40216","1998-10-21 00:00:00"
"100","A","2019-10-17 00:00:00","99","A","2019-02-11 00:00:00","99","A","2018-09-05 00:00:00","31392","605","FOOD SERVICE ESTABLISHMENT","33","SCHOOL CAFETERIA OR FOOD SERVICE","YOUNG ELEMENTARY #374","3526 W MUHAMMAD ALI BLVD","LOUISVILLE","KY","40212","1988-07-14 00:00:00"
"97","A","2019-10-25 00:00:00","99","A","2019-03-08 00:00:00","98","A","2018-09-28 00:00:00","31396","605","FOOD SERVICE ESTABLISHMENT","33","SCHOOL CAFETERIA OR FOOD SERVICE","ST. XAVIER HIGH SCHOOL","1609 POPLAR LEVEL RD","LOUISVILLE","KY","40217","1988-07-14 00:00:00"
"99","A","2019-10-10 00:00:00","99","A","2019-02-04 00:00:00","100","A","2018-09-19 00:00:00","31397","605","FOOD SERVICE ESTABLISHMENT","33","SCHOOL CAFETERIA OR FOOD SERVICE","BALLARD HIGH SCHOOL","6000 BROWNSBORO RD","LOUISVILLE","KY","40222","1988-07-14 00:00:00"
"100","A","2019-10-24 00:00:00","100","A","2019-03-19 00:00:00","100","A","2018-11-13 00:00:00","31398","605","FOOD SERVICE ESTABLISHMENT","33","SCHOOL CAFETERIA OR FOOD SERVICE","BARRETT MIDDLE SCHOOL","2561 GRINSTEAD DR","LOUISVILLE","KY","40206","1989-02-28 00:00:00"
"100","A","2019-10-11 00:00:00","100","A","2019-03-01 00:00:00","100","A","2018-09-27 00:00:00","31399","605","FOOD SERVICE ESTABLISHMENT","33","SCHOOL CAFETERIA OR FOOD SERVICE","MINOR DANIELS ACADEMY","1960 BASHFORD MANOR LN","LOUISVILLE","KY","40218","1988-07-14 00:00:00"
"100","A","2019-11-07 00:00:00","100","A","2019-03-29 00:00:00","100","A","2018-11-12 00:00:00","31400","605","FOOD SERVICE ESTABLISHMENT","33","SCHOOL CAFETERIA OR FOOD SERVICE","BATES ELEMENTARY SCHOOL","7601 BARDSTOWN RD","LOUISVILLE","KY","40291","1988-07-14 00:00:00"
"97","A","2019-10-18 00:00:00","96","A","2019-02-26 00:00:00","96","A","2018-10-18 00:00:00","31401","605","FOOD SERVICE ESTABLISHMENT","33","SCHOOL CAFETERIA OR FOOD SERVICE","BETH HAVEN","5515 JOHNSONTOWN RD","LOUISVILLE","KY","40272","2009-10-20 00:00:00"
"100","A","2019-09-18 00:00:00","98","A","2019-02-26 00:00:00","100","A","2018-10-11 00:00:00","31402","605","FOOD SERVICE ESTABLISHMENT","33","SCHOOL CAFETERIA OR FOOD SERVICE","BLAKE ELEMENTARY SCHOOL","3801 BONAVENTURE BLVD","LOUISVILLE","KY","40219","1988-07-14 00:00:00"
"100","A","2019-09-23 00:00:00","98","A","2019-02-19 00:00:00","100","A","2018-09-14 00:00:00","31403","605","FOOD SERVICE ESTABLISHMENT","33","SCHOOL CAFETERIA OR FOOD SERVICE","INDIAN TRAIL ELEMENTARY SCHOOL","3709 E INDIAN TRAIL","LOUISVILLE","KY","40213","1988-07-14 00:00:00"
"100","A","2019-09-03 00:00:00","100","A","2019-02-06 00:00:00","100","A","2018-08-24 00:00:00","31404","605","FOOD SERVICE ESTABLISHMENT","33","SCHOOL CAFETERIA OR FOOD SERVICE","IROQUOIS HIGH SCHOOL","4615 TAYLOR BLVD","LOUISVILLE","KY","40215","1988-07-14 00:00:00"
"100","A","2019-09-23 00:00:00","100","A","2019-02-22 00:00:00","90","C","2018-09-21 00:00:00","31414","605","FOOD SERVICE ESTABLISHMENT","33","SCHOOL CAFETERIA OR FOOD SERVICE","BLUE LICK ELEMENTARY SCHOOL","9801 BLUE LICK RD","LOUISVILLE","KY","40229","1988-07-14 00:00:00"
"100","A","2019-08-27 00:00:00","100","A","2019-01-18 00:00:00","100","A","2018-08-21 00:00:00","31415","605","FOOD SERVICE ESTABLISHMENT","33","SCHOOL CAFETERIA OR FOOD SERVICE","BOWEN ELEMENTARY SCHOOL","1601 ROOSEVELT LN","LOUISVILLE","KY","40242","1988-07-14 00:00:00"
"100","A","2019-09-24 00:00:00","98","A","2019-02-07 00:00:00","100","A","2018-09-21 00:00:00","31417","605","FOOD SERVICE ESTABLISHMENT","33","SCHOOL CAFETERIA OR FOOD SERVICE","BRECKINRIDGE METROPOLITAN HIGH","1128 E BROADWAY","LOUISVILLE","KY","40204","1988-07-14 00:00:00"
"99","A","2019-09-19 00:00:00","100","A","2019-02-20 00:00:00","100","A","2018-09-14 00:00:00","31418","605","FOOD SERVICE ESTABLISHMENT","33","SCHOOL CAFETERIA OR FOOD SERVICE","DUBOIS ACADEMY","3307 E INDIAN TRAIL","LOUISVILLE","KY","40213","1989-02-27 00:00:00"
"100","A","2019-10-01 00:00:00","100","A","2019-10-01 00:00:00","99","A","2019-02-19 00:00:00","31419","605","FOOD SERVICE ESTABLISHMENT","33","SCHOOL CAFETERIA OR FOOD SERVICE","BUTLER HIGH SCHOOL","2222 CRUMS LN","LOUISVILLE","KY","40216","1988-07-14 00:00:00"
"100","A","2019-10-17 00:00:00","100","A","2019-03-15 00:00:00","100","A","2018-09-13 00:00:00","31421","605","FOOD SERVICE ESTABLISHMENT","33","SCHOOL CAFETERIA OR FOOD SERVICE","BYCK ELEMENTARY SCHOOL","2328 CEDAR ST","LOUISVILLE","KY","40212","1988-07-14 00:00:00"
"96","A","2019-10-18 00:00:00","99","A","2019-03-07 00:00:00","99","A","2018-10-22 00:00:00","31422","605","FOOD SERVICE ESTABLISHMENT","33","SCHOOL CAFETERIA OR FOOD SERVICE","DEPAUL SCHOOL","1925 DUKER AVE","LOUISVILLE","KY","40205","2009-10-20 00:00:00"
"100","A","2019-09-19 00:00:00","100","A","2019-02-26 00:00:00","100","A","2018-09-19 00:00:00","31424","605","FOOD SERVICE ESTABLISHMENT","33","SCHOOL CAFETERIA OR FOOD SERVICE","MEDORA ELEMENTARY SCHOOL","11801 DEERING RD","LOUISVILLE","KY","40272","1988-07-14 00:00:00"
"100","A","2019-10-15 00:00:00","100","A","2019-02-22 00:00:00","100","A","2018-09-24 00:00:00","31428","605","FOOD SERVICE ESTABLISHMENT","33","SCHOOL CAFETERIA OR FOOD SERVICE","MEYZEEK SCHOOL","828 S JACKSON ST","LOUISVILLE","KY","40203","1989-02-28 00:00:00"
"100","A","2019-08-28 00:00:00","100","A","2019-01-24 00:00:00","100","A","2018-08-27 00:00:00","31432","605","FOOD SERVICE ESTABLISHMENT","33","SCHOOL CAFETERIA OR FOOD SERVICE","MILLCREEK ELEMENTARY SCHOOL","3816 DIXIE HWY","LOUISVILLE","KY","40216","1988-07-14 00:00:00"
"100","A","2019-09-09 00:00:00","98","A","2019-02-19 00:00:00","100","A","2018-10-17 00:00:00","31433","605","FOOD SERVICE ESTABLISHMENT","33","SCHOOL CAFETERIA OR FOOD SERVICE","MINORS LANE ELEMENTARY SCHOOL","8510 MINORS LN","LOUISVILLE","KY","40219","1988-07-14 00:00:00"
"92","C","2019-08-27 00:00:00","99","A","2019-01-22 00:00:00","100","A","2018-09-24 00:00:00","31435","605","FOOD SERVICE ESTABLISHMENT","33","SCHOOL CAFETERIA OR FOOD SERVICE","MOORE HIGH SCHOOL","6415 OUTER LOOP","LOUISVILLE","KY","40228","1988-07-14 00:00:00"
"99","A","2019-09-30 00:00:00","100","A","2019-02-27 00:00:00","100","A","2018-09-17 00:00:00","31446","605","FOOD SERVICE ESTABLISHMENT","33","SCHOOL CAFETERIA OR FOOD SERVICE","NEWBURG MIDDLE SCHOOL","4901 EXETER AVE","LOUISVILLE","KY","40218","1988-07-14 00:00:00"
"98","A","2019-09-03 00:00:00","100","A","2019-03-11 00:00:00","100","A","2018-08-21 00:00:00","31452","605","FOOD SERVICE ESTABLISHMENT","33","SCHOOL CAFETERIA OR FOOD SERVICE","NOE MIDDLE SCHOOL","121 W LEE ST","LOUISVILLE","KY","40208","1988-07-14 00:00:00"
"99","A","2019-09-09 00:00:00","100","A","2019-01-28 00:00:00","100","A","2018-09-12 00:00:00","31455","605","FOOD SERVICE ESTABLISHMENT","33","SCHOOL CAFETERIA OR FOOD SERVICE","NORTON ELEMENTARY SCHOOL","8101 BROWNSBORO RD","LOUISVILLE","KY","40241","1989-03-06 00:00:00"
"100","A","2019-09-05 00:00:00","100","A","2019-01-25 00:00:00","99","A","2018-09-24 00:00:00","31456","605","FOOD SERVICE ESTABLISHMENT","33","SCHOOL CAFETERIA OR FOOD SERVICE","OKOLONA ELEMENTARY SCHOOL","7606 PRESTON HWY","LOUISVILLE","KY","40219","1988-07-14 00:00:00"
"100","A","2019-10-11 00:00:00","100","A","2019-04-30 00:00:00","100","A","2018-09-10 00:00:00","31458","605","FOOD SERVICE ESTABLISHMENT","33","SCHOOL CAFETERIA OR FOOD SERVICE","OUR LADY OF LOURDES","510 BRECKENRIDGE LN","LOUISVILLE","KY","40207","2009-10-20 00:00:00"
"99","A","2019-09-16 00:00:00","99","A","2019-02-21 00:00:00","100","A","2018-10-01 00:00:00","31460","605","FOOD SERVICE ESTABLISHMENT","33","SCHOOL CAFETERIA OR FOOD SERVICE","ST. NICHOLAS ACADEMY","5501 NEW CUT RD","LOUISVILLE","KY","40214","2009-10-20 00:00:00"
"100","A","2019-09-17 00:00:00","100","A","2019-01-28 00:00:00","100","A","2018-09-13 00:00:00","31462","605","FOOD SERVICE ESTABLISHMENT","33","SCHOOL CAFETERIA OR FOOD SERVICE","MAUPIN ELEMENTARY SCHOOL","1312 CATALPA ST","LOUISVILLE","KY","40211","1998-10-21 00:00:00"
"100","A","2019-10-18 00:00:00","100","A","2019-03-21 00:00:00","100","A","2018-10-03 00:00:00","31464","605","FOOD SERVICE ESTABLISHMENT","33","SCHOOL CAFETERIA OR FOOD SERVICE","JOHNSON TRADITIONAL MIDDLE SCHOOL","2509 WILSON AVE","LOUISVILLE","KY","40210","1988-07-14 00:00:00"
"98","A","2019-09-18 00:00:00","100","A","2019-03-01 00:00:00","96","C","2018-10-11 00:00:00","31466","605","FOOD SERVICE ESTABLISHMENT","33","SCHOOL CAFETERIA OR FOOD SERVICE","PLEASURE RIDGE PARK MAGNET SCHOOL","5901 GREENWOOD RD","LOUISVILLE","KY","40258","1988-07-14 00:00:00"
"100","A","2019-10-17 00:00:00","100","A","2019-01-23 00:00:00","100","A","2018-09-05 00:00:00","31474","605","FOOD SERVICE ESTABLISHMENT","33","SCHOOL CAFETERIA OR FOOD SERVICE","PORTLAND ELEMENTARY SCHOOL","3410 NORTHWESTERN PKWY","LOUISVILLE","KY","40212","1989-03-28 00:00:00"
"100","A","2019-09-27 00:00:00","100","A","2019-02-26 00:00:00","100","A","2018-09-17 00:00:00","31475","605","FOOD SERVICE ESTABLISHMENT","33","SCHOOL CAFETERIA OR FOOD SERVICE","PRICE ELEMENTARY SCHOOL","5001 GARDEN GREEN WAY","LOUISVILLE","KY","40218","1988-07-14 00:00:00"
"100","A","2019-10-01 00:00:00","100","A","2019-03-04 00:00:00","100","A","2018-09-18 00:00:00","31477","605","FOOD SERVICE ESTABLISHMENT","33","SCHOOL CAFETERIA OR FOOD SERVICE","RANGELAND ELEMENTARY","1701 RANGELAND RD","LOUISVILLE","KY","40219","1989-01-24 00:00:00"
"99","A","2019-09-09 00:00:00","100","A","2019-02-08 00:00:00","100","A","2018-09-11 00:00:00","31480","605","FOOD SERVICE ESTABLISHMENT","33","SCHOOL CAFETERIA OR FOOD SERVICE","RUTHERFORD ELEMENTARY SCHOOL","301 SOUTHLAND BLVD","LOUISVILLE","KY","40214","1989-01-24 00:00:00"
"100","A","2019-10-24 00:00:00","100","A","2019-03-22 00:00:00","100","A","2018-09-13 00:00:00","31492","605","FOOD SERVICE ESTABLISHMENT","33","SCHOOL CAFETERIA OR FOOD SERVICE","EISENHOWER ELEMENTARY SCHOOL","5300 JESSAMINE DR","LOUISVILLE","KY","40258","1995-10-26 00:00:00"
"100","A","2019-09-03 00:00:00","99","A","2019-03-15 00:00:00","100","A","2018-09-12 00:00:00","31496","605","FOOD SERVICE ESTABLISHMENT","33","SCHOOL CAFETERIA OR FOOD SERVICE","ENGELHARD ELEMENTARY SCHOOL","1004 S 1ST ST","LOUISVILLE","KY","40203","1988-07-14 00:00:00"
"100","A","2019-08-30 00:00:00","100","A","2019-02-07 00:00:00","90","C","2018-09-24 00:00:00","31498","605","FOOD SERVICE ESTABLISHMENT","33","SCHOOL CAFETERIA OR FOOD SERVICE","EVANGEL CHRISTIAN SCHOOL","5400 MINORS LN","LOUISVILLE","KY","40219","2009-10-20 00:00:00"
"100","A","2019-09-04 00:00:00","98","A","2019-02-21 00:00:00","100","A","2018-09-20 00:00:00","31500","605","FOOD SERVICE ESTABLISHMENT","33","SCHOOL CAFETERIA OR FOOD SERVICE","FAIRDALE ELEMENTARY SCHOOL","10104 MITCHELL HILL RD","LOUISVILLE","KY","40118","1989-01-24 00:00:00"
"100","A","2019-08-22 00:00:00","100","A","2019-02-04 00:00:00","100","A","2018-09-13 00:00:00","31502","605","FOOD SERVICE ESTABLISHMENT","33","SCHOOL CAFETERIA OR FOOD SERVICE","FAIRDALE HIGH SCHOOL","1001 FAIRDALE RD","LOUISVILLE","KY","40118","1988-07-14 00:00:00"
"100","A","2019-08-26 00:00:00","100","A","2019-02-12 00:00:00","100","A","2018-08-17 00:00:00","31509","605","FOOD SERVICE ESTABLISHMENT","33","SCHOOL CAFETERIA OR FOOD SERVICE","FERN CREEK ELEMENTARY SCHOOL","8815 FERNDALE RD","LOUISVILLE","KY","40291","1988-07-14 00:00:00"
"100","A","2019-08-29 00:00:00","100","A","2019-01-29 00:00:00","99","A","2018-09-21 00:00:00","31511","605","FOOD SERVICE ESTABLISHMENT","33","SCHOOL CAFETERIA OR FOOD SERVICE","FERN CREEK HIGH SCHOOL","9115 FERN CREEK RD","LOUISVILLE","KY","40291","1988-07-14 00:00:00"
"100","A","2019-10-25 00:00:00","100","A","2019-04-19 00:00:00","100","A","2018-10-25 00:00:00","31512","605","FOOD SERVICE ESTABLISHMENT","33","SCHOOL CAFETERIA OR FOOD SERVICE","EMMET FIELD SCHOOL","120 SACRED HEART LN","LOUISVILLE","KY","40206","2009-10-20 00:00:00"
"100","A","2019-10-17 00:00:00","97","A","2019-02-05 00:00:00","100","A","2018-09-21 00:00:00","31513","605","FOOD SERVICE ESTABLISHMENT","33","SCHOOL CAFETERIA OR FOOD SERVICE","FOSTER TRADITIONAL ACADEMY","1401 S 41ST ST","LOUISVILLE","KY","40211","1988-07-14 00:00:00"
"100","A","2019-09-09 00:00:00","100","A","2019-03-21 00:00:00","100","A","2018-09-17 00:00:00","31794","605","FOOD SERVICE ESTABLISHMENT","33","SCHOOL CAFETERIA OR FOOD SERVICE","FRAYSER ELEMENTARY SCHOOL","1230 LARCHMONT AVE","LOUISVILLE","KY","40215","1989-01-24 00:00:00"
"98","A","2019-09-10 00:00:00","98","A","2019-03-11 00:00:00","98","A","2018-09-20 00:00:00","31797","605","FOOD SERVICE ESTABLISHMENT","33","SCHOOL CAFETERIA OR FOOD SERVICE","VALLEY HIGH SCHOOL","10200 DIXIE HWY","LOUISVILLE","KY","40272","1988-07-25 00:00:00"
"100","A","2019-08-28 00:00:00","96","A","2019-02-05 00:00:00","98","A","2018-09-17 00:00:00","31798","605","FOOD SERVICE ESTABLISHMENT","33","SCHOOL CAFETERIA OR FOOD SERVICE","SLAUGHTER ELEMENTARY SCHOOL","3805 FERN VALLEY RD","LOUISVILLE","KY","40219","1988-07-25 00:00:00"
"99","A","2019-08-23 00:00:00","100","A","2019-01-22 00:00:00","100","A","2018-09-19 00:00:00","31799","605","FOOD SERVICE ESTABLISHMENT","33","SCHOOL CAFETERIA OR FOOD SERVICE","SMYRNA ELEMENTARY SCHOOL","6401 OUTER LOOP","LOUISVILLE","KY","40228","1988-07-25 00:00:00"
"99","A","2019-10-16 00:00:00","100","A","2019-05-01 00:00:00","98","A","2018-09-17 00:00:00","31802","605","FOOD SERVICE ESTABLISHMENT","33","SCHOOL CAFETERIA OR FOOD SERVICE","WALDEN SCHOOL","4238 WESTPORT RD","LOUISVILLE","KY","40207","2009-10-20 00:00:00"
"100","A","2019-09-13 00:00:00","100","A","2019-03-04 00:00:00","100","A","2018-09-11 00:00:00","31803","605","FOOD SERVICE ESTABLISHMENT","33","SCHOOL CAFETERIA OR FOOD SERVICE","STONESTREET ELEMENTARY","10007 STONESTREET RD","LOUISVILLE","KY","40272","1988-07-25 00:00:00"
"100","A","2019-10-17 00:00:00","98","A","2019-03-26 00:00:00","98","A","2018-09-21 00:00:00","31804","605","FOOD SERVICE ESTABLISHMENT","33","SCHOOL CAFETERIA OR FOOD SERVICE","STUART MIDDLE SCHOOL","4601 VALLEY STATION RD","LOUISVILLE","KY","40272","1989-02-27 00:00:00"
"100","A","2019-09-09 00:00:00","99","A","2019-03-19 00:00:00","99","A","2018-09-12 00:00:00","31805","605","FOOD SERVICE ESTABLISHMENT","33","SCHOOL CAFETERIA OR FOOD SERVICE","BROWN SCHOOL CAFETERIA","546 S 1ST ST","LOUISVILLE","KY","40202","1988-07-25 00:00:00"
"96","A","2019-10-02 00:00:00","97","A","2019-02-01 00:00:00","99","A","2018-09-13 00:00:00","31807","605","FOOD SERVICE ESTABLISHMENT","33","SCHOOL CAFETERIA OR FOOD SERVICE","ASCENSION OF OUR LORD SCHOOL","4600 LYNNBROOK DR","LOUISVILLE","KY","40220","2009-10-20 00:00:00"
"95","A","2019-09-24 00:00:00","97","A","2019-02-05 00:00:00","96","A","2018-10-19 00:00:00","31809","605","FOOD SERVICE ESTABLISHMENT","33","SCHOOL CAFETERIA OR FOOD SERVICE","ASSUMPTION CATHOLIC HIGH SCHOOL","2170 TYLER LN","LOUISVILLE","KY","40205","2009-10-20 00:00:00"
"100","A","2019-10-17 00:00:00","100","A","2019-03-08 00:00:00","99","A","2018-10-12 00:00:00","31810","605","FOOD SERVICE ESTABLISHMENT","33","SCHOOL CAFETERIA OR FOOD SERVICE","ATHERTON HIGH SCHOOL","3000 DUNDEE RD","LOUISVILLE","KY","40205","1988-07-25 00:00:00"
"100","A","2019-08-26 00:00:00","96","A","2019-02-11 00:00:00","98","A","2018-09-18 00:00:00","31812","605","FOOD SERVICE ESTABLISHMENT","33","SCHOOL CAFETERIA OR FOOD SERVICE","AUBURNDALE ELEMENTARY","5749 NEW CUT RD","LOUISVILLE","KY","40204","1989-01-24 00:00:00"
"99","A","2019-09-03 00:00:00","100","A","2019-03-11 00:00:00","100","A","2018-09-25 00:00:00","31813","605","FOOD SERVICE ESTABLISHMENT","33","SCHOOL CAFETERIA OR FOOD SERVICE","HARTSTERN ELEMENTARY SCHOOL","5200 MORNINGSIDE WAY","LOUISVILLE","KY","40219","1989-01-24 00:00:00"
"99","A","2019-10-02 00:00:00","100","A","2019-03-15 00:00:00","100","A","2018-10-11 00:00:00","31814","605","FOOD SERVICE ESTABLISHMENT","33","SCHOOL CAFETERIA OR FOOD SERVICE","HAWTHORNE ELEMENTARY SCHOOL","2301 CLAREDON AVE","LOUISVILLE","KY","40205","1989-01-24 00:00:00"
"100","A","2019-09-11 00:00:00","100","A","2019-02-12 00:00:00","99","A","2018-09-12 00:00:00","31815","605","FOOD SERVICE ESTABLISHMENT","33","SCHOOL CAFETERIA OR FOOD SERVICE","HAZELWOOD ELEMENTARY SCHOOL","1325 BLUEGRASS AVE","LOUISVILLE","KY","40215","1988-07-25 00:00:00"
"100","A","2019-09-05 00:00:00","100","A","2019-02-07 00:00:00","99","A","2018-09-13 00:00:00","31817","605","FOOD SERVICE ESTABLISHMENT","33","SCHOOL CAFETERIA OR FOOD SERVICE","HIGHLAND MIDDLE SCHOOL","1700 NORRIS PLACE","LOUISVILLE","KY","40205","1988-07-25 00:00:00"
"100","A","2019-10-11 00:00:00","97","A","2019-03-28 00:00:00","95","A","2018-11-08 00:00:00","31819","605","FOOD SERVICE ESTABLISHMENT","33","SCHOOL CAFETERIA OR FOOD SERVICE","SACRED HEART MODEL SCHOOL","3107 LEXINGTON RD","LOUISVILLE","KY","40206","2009-10-20 00:00:00"
"99","A","2019-09-13 00:00:00","100","A","2019-03-15 00:00:00","98","A","2018-09-14 00:00:00","31820","605","FOOD SERVICE ESTABLISHMENT","33","SCHOOL CAFETERIA OR FOOD SERVICE","SACRED HEART ACADEMY","3175 LEXINGTON RD","LOUISVILLE","KY","40206","2009-10-20 00:00:00"
"100","A","2019-09-19 00:00:00","98","A","2019-02-25 00:00:00","98","A","2018-09-25 00:00:00","31821","605","FOOD SERVICE ESTABLISHMENT","33","SCHOOL CAFETERIA OR FOOD SERVICE","ST. AGNES SCHOOL","1800 NEWBURG RD","LOUISVILLE","KY","40205","2009-10-20 00:00:00"
"100","A","2019-08-27 00:00:00","97","A","2019-03-11 00:00:00","100","A","2018-10-04 00:00:00","31824","605","FOOD SERVICE ESTABLISHMENT","33","SCHOOL CAFETERIA OR FOOD SERVICE","ST. ATHANASIUS SCHOOL","5915 OUTER LOOP","LOUISVILLE","KY","40219","2009-10-20 00:00:00"
"100","A","2019-11-06 00:00:00","100","A","2019-04-09 00:00:00","100","A","2018-09-25 00:00:00","31827","605","FOOD SERVICE ESTABLISHMENT","33","SCHOOL CAFETERIA OR FOOD SERVICE","ST. BERNARD SCHOOL","7501 TANGELO DR","LOUISVILLE","KY","40228","2009-10-20 00:00:00"
"100","A","2019-08-27 00:00:00","100","A","2019-02-26 00:00:00","100","A","2018-09-11 00:00:00","31831","605","FOOD SERVICE ESTABLISHMENT","33","SCHOOL CAFETERIA OR FOOD SERVICE","ST. EDWARD'S SCHOOL","9610 SUE HELEN DR","LOUISVILLE","KY","40299","2009-10-20 00:00:00"
"95","A","2019-10-01 00:00:00","100","A","2019-02-06 00:00:00","95","A","2018-09-25 00:00:00","31833","605","FOOD SERVICE ESTABLISHMENT","33","SCHOOL CAFETERIA OR FOOD SERVICE","ST. FRANCIS OF ASSISI","1938 ALFRESCO PL","LOUISVILLE","KY","40205","2009-10-20 00:00:00"
"100","A","2019-09-10 00:00:00","97","A","2019-02-20 00:00:00","100","A","2018-10-17 00:00:00","31835","605","FOOD SERVICE ESTABLISHMENT","33","SCHOOL CAFETERIA OR FOOD SERVICE","ST. GABRIEL SCHOOL","5503 BARDSTOWN RD","LOUISVILLE","KY","40291","2009-10-20 00:00:00"
"94","A","2019-10-16 00:00:00","99","A","2019-03-07 00:00:00","99","A","2018-10-19 00:00:00","31838","605","FOOD SERVICE ESTABLISHMENT","33","SCHOOL CAFETERIA OR FOOD SERVICE","ST. JAMES SCHOOL","1818 EDENSIDE DR","LOUISVILLE","KY","40205","2009-10-20 00:00:00"
"100","A","2019-09-23 00:00:00","100","A","2019-03-25 00:00:00","99","A","2018-09-12 00:00:00","31843","605","FOOD SERVICE ESTABLISHMENT","33","SCHOOL CAFETERIA OR FOOD SERVICE","NOTRE DAME ACADEMY","1925 LEWISTON DR","LOUISVILLE","KY","40216","2009-10-20 00:00:00"
"100","A","2019-09-19 00:00:00","100","A","2019-03-25 00:00:00","100","A","2018-10-16 00:00:00","31844","605","FOOD SERVICE ESTABLISHMENT","33","SCHOOL CAFETERIA OR FOOD SERVICE","ST. LEONARD SCHOOL","440 ZORN AVE","LOUISVILLE","KY","40206","2009-10-20 00:00:00"
"100","A","2019-09-04 00:00:00","100","A","2019-03-08 00:00:00","100","A","2018-09-04 00:00:00","31846","605","FOOD SERVICE ESTABLISHMENT","33","SCHOOL CAFETERIA OR FOOD SERVICE","ST. MARTHA SCHOOL","2825 KLONDIKE LN","LOUISVILLE","KY","40218","2009-10-20 00:00:00"
"100","A","2019-09-16 00:00:00","98","A","2019-03-21 00:00:00","98","A","2018-10-03 00:00:00","31847","605","FOOD SERVICE ESTABLISHMENT","33","SCHOOL CAFETERIA OR FOOD SERVICE","ST. MARGARET MARY CATHOLIC SCHOOL","7813 SHELBYVILLE RD","LOUISVILLE","KY","40222","2009-10-20 00:00:00"
"100","A","2019-09-26 00:00:00","99","A","2019-02-27 00:00:00","99","A","2018-10-03 00:00:00","32692","605","FOOD SERVICE ESTABLISHMENT","33","SCHOOL CAFETERIA OR FOOD SERVICE","ST. MATHEWS ELEMENTARY SCHOOL","601 BROWNS LN","LOUISVILLE","KY","40207","2009-10-20 00:00:00"
"100","A","2019-10-10 00:00:00","100","A","2019-03-29 00:00:00","99","A","2018-10-23 00:00:00","32694","605","FOOD SERVICE ESTABLISHMENT","33","SCHOOL CAFETERIA OR FOOD SERVICE","ST. PAUL ELEMENTARY CATHOLIC SCHOOL","6901 DIXIE HWY","LOUISVILLE","KY","40258","2009-10-20 00:00:00"
"100","A","2019-09-23 00:00:00","100","A","2019-02-22 00:00:00","100","A","2018-10-18 00:00:00","32695","605","FOOD SERVICE ESTABLISHMENT","33","SCHOOL CAFETERIA OR FOOD SERVICE","JOHN PAUL II","3521 GOLDSMITH LN","LOUISVILLE","KY","40220","2009-10-20 00:00:00"
"98","A","2019-09-17 00:00:00","95","A","2019-02-20 00:00:00","98","A","2018-09-24 00:00:00","32696","605","FOOD SERVICE ESTABLISHMENT","33","SCHOOL CAFETERIA OR FOOD SERVICE","ST. ANDREW CATHOLIC ACADEMY","7724 COLUMBINE DR","LOUISVILLE","KY","40258","2009-10-20 00:00:00"
"97","A","2019-09-30 00:00:00","100","A","2019-02-06 00:00:00","97","A","2018-09-25 00:00:00","32697","605","FOOD SERVICE ESTABLISHMENT","33","SCHOOL CAFETERIA OR FOOD SERVICE","ST. RAPHAEL SCHOOL","2131 LANCASHIRE AVE","LOUISVILLE","KY","40205","2009-10-20 00:00:00"
"100","A","2019-08-29 00:00:00","100","A","2019-03-08 00:00:00","100","A","2018-09-05 00:00:00","32698","605","FOOD SERVICE ESTABLISHMENT","33","SCHOOL CAFETERIA OR FOOD SERVICE","ST. RITA SCHOOL","8709 PRESTON HWY","LOUISVILLE","KY","40219","2009-10-20 00:00:00"
"100","A","2019-09-24 00:00:00","100","A","2019-02-19 00:00:00","100","A","2018-09-20 00:00:00","32700","605","FOOD SERVICE ESTABLISHMENT","33","SCHOOL CAFETERIA OR FOOD SERVICE","ST. STEPHAN MARTYR SCHOOL","2931 PINDELL AVE","LOUISVILLE","KY","40217","2009-10-20 00:00:00"
"100","A","2019-09-24 00:00:00","100","A","2019-02-27 00:00:00","100","A","2018-08-31 00:00:00","32703","605","FOOD SERVICE ESTABLISHMENT","33","SCHOOL CAFETERIA OR FOOD SERVICE","SANDERS ELEMENTARY SCHOOL","8408 TERRY RD","LOUISVILLE","KY","40258","1988-07-29 00:00:00"
"100","A","2019-10-23 00:00:00","100","A","2019-03-18 00:00:00","100","A","2018-10-03 00:00:00","32704","605","FOOD SERVICE ESTABLISHMENT","33","SCHOOL CAFETERIA OR FOOD SERVICE","SHACKLETTE ELEMENTARY SCHOOL","5310 MERCURY DR","LOUISVILLE","KY","40258","1989-03-08 00:00:00"
"100","A","2019-09-26 00:00:00","98","A","2019-03-01 00:00:00","100","A","2018-09-14 00:00:00","32707","605","FOOD SERVICE ESTABLISHMENT","33","SCHOOL CAFETERIA OR FOOD SERVICE","SEMPLE ELEMENTARY SCHOOL","724 DENMARK ST","LOUISVILLE","KY","40215","1988-07-29 00:00:00"
"100","A","2019-10-30 00:00:00","100","A","2019-03-19 00:00:00","95","C","2018-10-24 00:00:00","32708","605","FOOD SERVICE ESTABLISHMENT","33","SCHOOL CAFETERIA OR FOOD SERVICE","SENECA HIGH SCHOOL","3510 GOLDSMITH LN","LOUISVILLE","KY","40220","1989-03-06 00:00:00"
"100","A","2019-10-16 00:00:00","98","A","2019-03-19 00:00:00","100","A","2018-09-18 00:00:00","32710","605","FOOD SERVICE ESTABLISHMENT","33","SCHOOL CAFETERIA OR FOOD SERVICE","SHAWNEE HIGH SCHOOL","4018 W MARKET ST","LOUISVILLE","KY","40212","1988-07-29 00:00:00"
"100","A","2019-08-22 00:00:00","100","A","2019-03-11 00:00:00","100","A","2018-08-21 00:00:00","32712","605","FOOD SERVICE ESTABLISHMENT","33","SCHOOL CAFETERIA OR FOOD SERVICE","MANUAL HIGH SCHOOL","120 W LEE ST","LOUISVILLE","KY","40208","1988-07-29 00:00:00"
"98","A","2019-08-21 00:00:00","99","A","2019-02-06 00:00:00","96","A","2018-08-27 00:00:00","32714","605","FOOD SERVICE ESTABLISHMENT","33","SCHOOL CAFETERIA OR FOOD SERVICE","DESALES HIGH SCHOOL","425 KENWOOD DR","LOUISVILLE","KY","40214","2009-10-20 00:00:00"
"100","A","2019-09-17 00:00:00","100","A","2019-02-27 00:00:00","100","A","2018-09-24 00:00:00","32717","605","FOOD SERVICE ESTABLISHMENT","33","SCHOOL CAFETERIA OR FOOD SERVICE","DIXIE ELEMENTARY SCHOOL","10201 CASALANDA DR","LOUISVILLE","KY","40272","1989-01-24 00:00:00"
"99","A","2019-10-16 00:00:00","100","A","2019-02-22 00:00:00","98","A","2018-09-24 00:00:00","32718","605","FOOD SERVICE ESTABLISHMENT","33","SCHOOL CAFETERIA OR FOOD SERVICE","DOSS HIGH SCHOOL","7601 ST. ANDREWS CHURCH RD","LOUISVILLE","KY","40214","1988-07-29 00:00:00"
"99","A","2019-09-16 00:00:00","100","A","2019-02-06 00:00:00","100","A","2018-09-13 00:00:00","32720","605","FOOD SERVICE ESTABLISHMENT","33","SCHOOL CAFETERIA OR FOOD SERVICE","DUNN ELEMENTARY SCHOOL","2010 RUDY LN","LOUISVILLE","KY","40207","1989-01-24 00:00:00"
"100","A","2019-09-16 00:00:00","99","A","2019-02-04 00:00:00","99","A","2018-09-14 00:00:00","32722","605","FOOD SERVICE ESTABLISHMENT","33","SCHOOL CAFETERIA OR FOOD SERVICE","CARTER DUVALLE SCHOOL","3600 BOHNE AVE","LOUISVILLE","KY","40211","1989-02-27 00:00:00"
"100","A","2019-09-10 00:00:00","99","A","2019-02-13 00:00:00","100","A","2018-09-10 00:00:00","32723","605","FOOD SERVICE ESTABLISHMENT","33","SCHOOL CAFETERIA OR FOOD SERVICE","LIBERTY HIGH SCHOOL","1281 GILMORE LN","LOUISVILLE","KY","40213","1988-07-29 00:00:00"
"100","A","2019-09-03 00:00:00","100","A","2019-02-05 00:00:00","100","A","2018-09-18 00:00:00","32725","605","FOOD SERVICE ESTABLISHMENT","33","SCHOOL CAFETERIA OR FOOD SERVICE","GREATHOUSE ELEMENTARY SCHOOL","2700 BROWNS LN","LOUISVILLE","KY","40220","1988-07-29 00:00:00"
"100","A","2019-10-14 00:00:00","100","A","2019-03-01 00:00:00","100","A","2018-09-04 00:00:00","32726","605","FOOD SERVICE ESTABLISHMENT","33","SCHOOL CAFETERIA OR FOOD SERVICE","GREENWOOD ELEMENTARY SCHOOL","5801 GREENWOOD RD","LOUISVILLE","KY","40258","1989-01-24 00:00:00"
"100","A","2019-10-25 00:00:00","100","A","2019-03-25 00:00:00","100","A","2018-10-11 00:00:00","32737","605","FOOD SERVICE ESTABLISHMENT","33","SCHOOL CAFETERIA OR FOOD SERVICE","GUTERMUTH ELEMENTARY SCHOOL","1500 SANDERS LN","LOUISVILLE","KY","40216","1988-07-29 00:00:00"
"99","A","2019-09-24 00:00:00","99","A","2019-02-20 00:00:00","100","A","2018-09-17 00:00:00","32739","605","FOOD SERVICE ESTABLISHMENT","33","SCHOOL CAFETERIA OR FOOD SERVICE","THOMAS JEFFERSON MIDDLE SCHOOL","1501 RANGELAND RD","LOUISVILLE","KY","40219","1988-07-29 00:00:00"
"100","A","2019-09-26 00:00:00","99","A","2019-03-22 00:00:00","98","A","2018-10-12 00:00:00","32741","605","FOOD SERVICE ESTABLISHMENT","33","SCHOOL CAFETERIA OR FOOD SERVICE","JEFFERSONTOWN HIGH SCHOOL","9600 OLD SIX MILE LN","LOUISVILLE","KY","40299","1989-02-27 00:00:00"
"100","A","2019-09-26 00:00:00","100","A","2019-03-11 00:00:00","100","A","2018-10-04 00:00:00","32743","605","FOOD SERVICE ESTABLISHMENT","33","SCHOOL CAFETERIA OR FOOD SERVICE","JOHNSONTOWN ELEMENTARY SCHOOL","7201 JOHNSONTOWN RD","LOUISVILLE","KY","40272","1988-07-29 00:00:00"
"99","A","2019-10-11 00:00:00","100","A","2019-03-19 00:00:00","98","A","2018-09-21 00:00:00","32745","605","FOOD SERVICE ESTABLISHMENT","33","SCHOOL CAFETERIA OR FOOD SERVICE","OLMSTED ACADEMY SOUTH","5650 SOUTHERN PKWY","LOUISVILLE","KY","40214","1989-03-06 00:00:00"
"100","A","2019-10-15 00:00:00","100","A","2019-03-21 00:00:00","100","A","2018-10-01 00:00:00","32748","605","FOOD SERVICE ESTABLISHMENT","33","SCHOOL CAFETERIA OR FOOD SERVICE","FL OLMSTEAD ACADEMY NORTH","4530 BELLEVUE AVE","LOUISVILLE","KY","40215","1988-07-29 00:00:00"
"99","A","2019-08-29 00:00:00","100","A","2019-01-28 00:00:00","99","A","2018-09-11 00:00:00","32749","605","FOOD SERVICE ESTABLISHMENT","33","SCHOOL CAFETERIA OR FOOD SERVICE","SOUTHERN HIGH SCHOOL","8620 PRESTON HWY","LOUISVILLE","KY","40219","1988-07-29 00:00:00"
"100","A","2019-10-10 00:00:00","100","A","2019-02-04 00:00:00","100","A","2018-09-19 00:00:00","32750","605","FOOD SERVICE ESTABLISHMENT","33","SCHOOL CAFETERIA OR FOOD SERVICE","CAMP TAYLOR ELEMENTARY","1446 BELMAR DR","LOUISVILLE","KY","40213","1988-07-29 00:00:00"
"100","A","2019-09-03 00:00:00","100","A","2019-02-19 00:00:00","100","A","2018-08-31 00:00:00","32751","605","FOOD SERVICE ESTABLISHMENT","33","SCHOOL CAFETERIA OR FOOD SERVICE","CANE RUN ELEMENTARY SCHOOL","3951 CANE RUN RD","LOUISVILLE","KY","40211","1988-07-29 00:00:00"
"100","A","2019-10-16 00:00:00","100","A","2019-03-22 00:00:00","100","A","2018-10-01 00:00:00","32752","605","FOOD SERVICE ESTABLISHMENT","33","SCHOOL CAFETERIA OR FOOD SERVICE","CARRITHERS MIDDLE SCHOOL","4320 BILLTOWN RD","LOUISVILLE","KY","40272","1988-07-29 00:00:00"
"99","A","2019-09-06 00:00:00","98","A","2019-03-18 00:00:00","97","A","2018-09-11 00:00:00","32754","605","FOOD SERVICE ESTABLISHMENT","33","SCHOOL CAFETERIA OR FOOD SERVICE","CENTRAL HIGH SCHOOL","1130 W CHESTNUT ST","LOUISVILLE","KY","40203","1988-07-29 00:00:00"
"100","A","2019-09-19 00:00:00","100","A","2019-03-22 00:00:00","100","A","2018-11-07 00:00:00","32756","605","FOOD SERVICE ESTABLISHMENT","33","SCHOOL CAFETERIA OR FOOD SERVICE","CHENOWETH ELEMENTARY SCHOOL","3622 BROWNSBORO RD","LOUISVILLE","KY","40207","1989-03-06 00:00:00"
"100","A","2019-09-10 00:00:00","100","A","2019-03-13 00:00:00","100","A","2018-09-14 00:00:00","32759","605","FOOD SERVICE ESTABLISHMENT","33","SCHOOL CAFETERIA OR FOOD SERVICE","CHRISTIAN ACADEMY OF LOUISVILLE","3110 ROCK CREEK DR","LOUISVILLE","KY","40207","2009-10-20 00:00:00"
"100","A","2019-09-18 00:00:00","98","A","2019-02-14 00:00:00","100","A","2018-09-13 00:00:00","32761","605","FOOD SERVICE ESTABLISHMENT","33","SCHOOL CAFETERIA OR FOOD SERVICE","CHURCHILL PARK SCHOOL","435 BOXLEY AVE","LOUISVILLE","KY","40209","1988-07-29 00:00:00"
"100","A","2019-09-17 00:00:00","100","A","2019-03-19 00:00:00","100","A","2018-10-12 00:00:00","32764","605","FOOD SERVICE ESTABLISHMENT","33","SCHOOL CAFETERIA OR FOOD SERVICE","COCHRANE ELEMENTARY SCHOOL","2511 TREGARON AVE","LOUISVILLE","KY","40299","1988-07-29 00:00:00"
"99","A","2019-09-10 00:00:00","99","A","2019-03-18 00:00:00","100","A","2018-09-12 00:00:00","32766","605","FOOD SERVICE ESTABLISHMENT","33","SCHOOL CAFETERIA OR FOOD SERVICE","COLERIDGE TAYLOR ELEMENTARY SCHOOL","1115 W CHESTNUT ST","LOUISVILLE","KY","40203","1989-01-24 00:00:00"
"99","A","2019-09-24 00:00:00","99","A","2019-02-27 00:00:00","99","A","2018-09-13 00:00:00","32767","605","FOOD SERVICE ESTABLISHMENT","33","SCHOOL CAFETERIA OR FOOD SERVICE","CONWAY MIDDLE SCHOOL","6300 TERRY RD","LOUISVILLE","KY","40258","1988-07-29 00:00:00"
"100","A","2019-09-04 00:00:00","98","A","2019-02-12 00:00:00","100","A","2018-09-20 00:00:00","32769","605","FOOD SERVICE ESTABLISHMENT","33","SCHOOL CAFETERIA OR FOOD SERVICE","CORAL RIDGE ELEMENTARY","10608 NATIONAL TURNPIKE","LOUISVILLE","KY","40118","1989-01-24 00:00:00"
"100","A","2019-09-09 00:00:00","99","A","2019-02-04 00:00:00","95","C","2018-08-31 00:00:00","32772","605","FOOD SERVICE ESTABLISHMENT","33","SCHOOL CAFETERIA OR FOOD SERVICE","CRUMS LANE ELEMENTARY SCHOOL","3212 CRUMS LN","LOUISVILLE","KY","40216","1989-01-24 00:00:00"
"99","A","2019-09-10 00:00:00","100","A","2019-02-20 00:00:00","100","A","2018-09-10 00:00:00","32774","605","FOOD SERVICE ESTABLISHMENT","33","SCHOOL CAFETERIA OR FOOD SERVICE","KAMMERER MIDDLE SCHOOL","7315 WESBORO RD","LOUISVILLE","KY","40242","1989-02-27 00:00:00"
"100","A","2019-09-27 00:00:00","100","A","2019-03-18 00:00:00","100","A","2018-09-11 00:00:00","32776","605","FOOD SERVICE ESTABLISHMENT","33","SCHOOL CAFETERIA OR FOOD SERVICE","KENNEDY SCHOOL","3800 GIBSON LN","LOUISVILLE","KY","40211","1989-02-27 00:00:00"
"100","A","2019-09-11 00:00:00","100","A","2019-03-20 00:00:00","98","A","2018-10-18 00:00:00","32779","605","FOOD SERVICE ESTABLISHMENT","33","SCHOOL CAFETERIA OR FOOD SERVICE","KENWOOD ELEMENTARY SCHOOL","7420 JUSTAN AVE","LOUISVILLE","KY","40214","1989-01-24 00:00:00"
"100","A","2019-10-24 00:00:00","100","A","2019-03-20 00:00:00","100","A","2018-09-17 00:00:00","32780","605","FOOD SERVICE ESTABLISHMENT","33","SCHOOL CAFETERIA OR FOOD SERVICE","KERRICK ELEMENTARY SCHOOL","2210 UPPER HUNTERS TRACE","LOUISVILLE","KY","40216","1989-01-24 00:00:00"
"100","A","2019-09-13 00:00:00","98","A","2019-03-19 00:00:00","100","A","2018-09-19 00:00:00","32781","605","FOOD SERVICE ESTABLISHMENT","33","SCHOOL CAFETERIA OR FOOD SERVICE","KLONDIKE ELEMENTARY SCHOOL","3807 KLONDIKE LN","LOUISVILLE","KY","40218","1988-07-29 00:00:00"
"100","A","2019-09-24 00:00:00","100","A","2019-03-19 00:00:00","100","A","2018-09-18 00:00:00","32783","605","FOOD SERVICE ESTABLISHMENT","33","SCHOOL CAFETERIA OR FOOD SERVICE","MARTIN LUTHER KING SCHOOL","4325 VERMONT AVE","LOUISVILLE","KY","40211","1989-03-29 00:00:00"
"100","A","2019-09-23 00:00:00","98","A","2019-02-22 00:00:00","98","A","2018-09-21 00:00:00","32785","605","FOOD SERVICE ESTABLISHMENT","33","SCHOOL CAFETERIA OR FOOD SERVICE","KNIGHT MIDDLE SCHOOL","9803 BLUE LICK RD","LOUISVILLE","KY","40229","1988-07-29 00:00:00"
"100","A","2019-10-15 00:00:00","98","A","2019-03-19 00:00:00","100","A","2018-10-11 00:00:00","32786","605","FOOD SERVICE ESTABLISHMENT","33","SCHOOL CAFETERIA OR FOOD SERVICE","LASSITER MIDDLE SCHOOL","8200 CANDLEWORTH DR","LOUISVILLE","KY","40214","1989-01-24 00:00:00"
"100","A","2019-09-13 00:00:00","100","A","2019-01-25 00:00:00","100","A","2018-09-04 00:00:00","32787","605","FOOD SERVICE ESTABLISHMENT","33","SCHOOL CAFETERIA OR FOOD SERVICE","LAUKHUF ELEMENTARY SCHOOL","5100 CAPEWOOD DR","LOUISVILLE","KY","40229","1988-07-29 00:00:00"
"100","A","2019-09-10 00:00:00","100","A","2019-02-25 00:00:00","100","A","2018-09-17 00:00:00","32788","605","FOOD SERVICE ESTABLISHMENT","33","SCHOOL CAFETERIA OR FOOD SERVICE","LAYNE ELEMENTARY SCHOOL","9831 EAST AVE","LOUISVILLE","KY","40272","1989-01-24 00:00:00"
"100","A","2019-09-26 00:00:00","100","A","2019-03-26 00:00:00","100","A","2018-09-10 00:00:00","32790","605","FOOD SERVICE ESTABLISHMENT","33","SCHOOL CAFETERIA OR FOOD SERVICE","ABRAHAM LINCOLN SCHOOL","930 E MAIN ST","LOUISVILLE","KY","40206","1988-07-29 00:00:00"
"100","A","2019-09-09 00:00:00","98","A","2019-03-20 00:00:00","98","A","2018-09-17 00:00:00","32793","605","FOOD SERVICE ESTABLISHMENT","33","SCHOOL CAFETERIA OR FOOD SERVICE","LOWE ELEMENTARY SCHOOL","210 OXFORDSHIRE LN","LOUISVILLE","KY","40222","1988-07-29 00:00:00"
"100","A","2019-10-16 00:00:00","100","A","2019-03-04 00:00:00","100","A","2018-10-18 00:00:00","32817","605","FOOD SERVICE ESTABLISHMENT","33","SCHOOL CAFETERIA OR FOOD SERVICE","BLOOM ELEMENTARY SCHOOL","1627 LUCIA AVE","LOUISVILLE","KY","40204","1988-07-29 00:00:00"
"100","A","2019-10-28 00:00:00","100","A","2019-03-21 00:00:00","100","A","2018-10-25 00:00:00","32826","605","FOOD SERVICE ESTABLISHMENT","33","SCHOOL CAFETERIA OR FOOD SERVICE","JEFFERSONTOWN ELEMENTARY SCHOOL","3610 CEDARWOOD WAY","LOUISVILLE","KY","40299","1989-01-24 00:00:00"
"100","A","2019-10-17 00:00:00","100","A","2019-03-04 00:00:00","100","A","2018-09-20 00:00:00","32828","605","FOOD SERVICE ESTABLISHMENT","33","SCHOOL CAFETERIA OR FOOD SERVICE","AUDUBON ELEMENTARY SCHOOL","1051 HESS LN","LOUISVILLE","KY","40217","1988-11-28 00:00:00"
"100","A","2019-10-10 00:00:00","97","A","2019-02-26 00:00:00","98","A","2018-10-11 00:00:00","32830","605","FOOD SERVICE ESTABLISHMENT","33","SCHOOL CAFETERIA OR FOOD SERVICE","HOLY CROSS HIGH SCHOOL","5144 DIXIE HWY","LOUISVILLE","KY","40216","2009-10-20 00:00:00"
"100","A","2019-10-01 00:00:00","100","A","2019-03-22 00:00:00","100","A","2018-10-12 00:00:00","32837","605","FOOD SERVICE ESTABLISHMENT","33","SCHOOL CAFETERIA OR FOOD SERVICE","HOLY SPIRIT SCHOOL","320 CANNONS LN","LOUISVILLE","KY","40206","2009-10-20 00:00:00"
"98","A","2019-10-17 00:00:00","98","A","2019-03-14 00:00:00","97","A","2018-09-20 00:00:00","32840","605","FOOD SERVICE ESTABLISHMENT","33","SCHOOL CAFETERIA OR FOOD SERVICE","HOLY TRINITY SCHOOL","423 CHERRYWOOD RD","LOUISVILLE","KY","40207","2009-10-20 00:00:00"
"99","A","2019-09-30 00:00:00","100","A","2019-02-26 00:00:00","100","A","2018-09-20 00:00:00","32844","605","FOOD SERVICE ESTABLISHMENT","33","SCHOOL CAFETERIA OR FOOD SERVICE","KY COUNTRY DAY","4100 SPRINGDALE RD","LOUISVILLE","KY","40241","2009-10-20 00:00:00"
"100","A","2019-10-16 00:00:00","100","A","2019-01-15 00:00:00","100","A","2018-08-23 00:00:00","32845","605","FOOD SERVICE ESTABLISHMENT","33","SCHOOL CAFETERIA OR FOOD SERVICE","ROOSEVELT PERRY ELEMENTARY SCHOOL","1606 MAGAZINE ST","LOUISVILLE","KY","40203","1989-03-29 00:00:00"
"100","A","2019-09-30 00:00:00","100","A","2019-02-26 00:00:00","100","A","2018-10-17 00:00:00","32865","605","FOOD SERVICE ESTABLISHMENT","33","SCHOOL CAFETERIA OR FOOD SERVICE","LUHR ELEMENTARY SCHOOL","6900 FEGENBUSH LN","LOUISVILLE","KY","40228","1988-07-29 00:00:00"
"97","A","2019-10-21 00:00:00","97","A","2019-04-19 00:00:00","98","A","2018-09-19 00:00:00","32867","605","FOOD SERVICE ESTABLISHMENT","33","SCHOOL CAFETERIA OR FOOD SERVICE","NORTHSIDE CHRISTIAN SCHOOL","2214 BANK ST","LOUISVILLE","KY","40212","2009-10-20 00:00:00"
"100","A","2019-09-27 00:00:00","100","A","2019-03-18 00:00:00","98","A","2018-11-08 00:00:00","34163","605","FOOD SERVICE ESTABLISHMENT","33","SCHOOL CAFETERIA OR FOOD SERVICE","KY SCHOOL FOR THE BLIND","1867 FRANKFORT AVE","LOUISVILLE","KY","40206","2009-10-20 00:00:00"
"100","A","2019-10-16 00:00:00","100","A","2019-02-13 00:00:00","100","A","2018-10-12 00:00:00","36318","605","FOOD SERVICE ESTABLISHMENT","33","SCHOOL CAFETERIA OR FOOD SERVICE","TULLY SPECIAL EDUCATION","3300 COLLEGE DR","LOUISVILLE","KY","40299","1988-11-11 00:00:00"
"100","A","2019-09-23 00:00:00","100","A","2019-02-07 00:00:00","100","A","2018-09-11 00:00:00","36877","605","FOOD SERVICE ESTABLISHMENT","33","SCHOOL CAFETERIA OR FOOD SERVICE","SCHAFFNER ELEMENTARY SCHOOL","2701 CRUMS LN","LOUISVILLE","KY","40216","1989-03-08 00:00:00"
"100","A","2019-09-03 00:00:00","100","A","2019-01-24 00:00:00","100","A","2018-09-05 00:00:00","40135","605","FOOD SERVICE ESTABLISHMENT","33","SCHOOL CAFETERIA OR FOOD SERVICE","LOUISVILLE DAY","8711 LAGRANGE RD","LOUISVILLE","KY","40242","1989-10-27 00:00:00"
"100","A","2019-10-17 00:00:00","100","A","2019-02-27 00:00:00","100","A","2018-10-25 00:00:00","40492","605","FOOD SERVICE ESTABLISHMENT","33","SCHOOL CAFETERIA OR FOOD SERVICE","WHITEFIELD ACADEMY CAFETERIA","7711 FEGENBUSH LN","LOUISVILLE","KY","40228","1993-12-14 00:00:00"
"100","A","2019-08-22 00:00:00","98","A","2019-01-23 00:00:00","100","A","2018-09-13 00:00:00","40567","605","FOOD SERVICE ESTABLISHMENT","33","SCHOOL CAFETERIA OR FOOD SERVICE","GEORGIA CHAFF TAPP","1010 NEIGHBORHOOD PL","FAIRDALE","KY","40118","1989-11-21 00:00:00"
"97","A","2019-08-09 00:00:00","100","A","2019-01-16 00:00:00","98","A","2018-08-03 00:00:00","42927","605","FOOD SERVICE ESTABLISHMENT","33","SCHOOL CAFETERIA OR FOOD SERVICE","BELLEWOOD HOME FOR CHILDREN","11103 PARK RD","LOUISVILLE","KY","40223","1990-10-08 00:00:00"
"100","A","2019-09-03 00:00:00","99","A","2019-03-15 00:00:00","100","A","2018-09-04 00:00:00","43438","605","FOOD SERVICE ESTABLISHMENT","33","SCHOOL CAFETERIA OR FOOD SERVICE","PRESENTATION ACADEMY DINING HALL","861 S 4TH ST","LOUISVILLE","KY","40203","2009-10-20 00:00:00"
"100","A","2019-10-10 00:00:00","100","A","2019-03-11 00:00:00","100","A","2018-09-24 00:00:00","43617","605","FOOD SERVICE ESTABLISHMENT","33","SCHOOL CAFETERIA OR FOOD SERVICE","JACOB ELEMENTARY SCHOOL","3701 E WHEATMORE DR","LOUISVILLE","KY","40215","1991-01-18 00:00:00"
"99","A","2019-09-04 00:00:00","99","A","2019-03-19 00:00:00","100","A","2018-09-13 00:00:00","43622","605","FOOD SERVICE ESTABLISHMENT","33","SCHOOL CAFETERIA OR FOOD SERVICE","COCHRAN ELEMENTARY SCHOOL","500 W GAULBERT AVE","LOUISVILLE","KY","40208","1991-01-18 00:00:00"
"100","A","2019-10-16 00:00:00","98","A","2019-01-23 00:00:00","100","A","2018-09-17 00:00:00","44089","605","FOOD SERVICE ESTABLISHMENT","33","SCHOOL CAFETERIA OR FOOD SERVICE","ATKINSON SCHOOL","2800 ALFORD AVE","LOUISVILLE","KY","40212","1991-03-20 00:00:00"
"100","A","2019-09-09 00:00:00","100","A","2019-03-20 00:00:00","100","A","2018-09-17 00:00:00","45220","605","FOOD SERVICE ESTABLISHMENT","33","SCHOOL CAFETERIA OR FOOD SERVICE","OUR SAVIOR LUTHERAN SCHOOL","8307 NOTTINGHAM PKWY","LOUISVILLE","KY","40222","2009-10-20 00:00:00"
"100","A","2019-09-05 00:00:00","100","A","2019-02-07 00:00:00","96","A","2018-09-05 00:00:00","45406","605","FOOD SERVICE ESTABLISHMENT","33","SCHOOL CAFETERIA OR FOOD SERVICE","LOUISVILLE MALE HIGH SCHOOL","4409 PRESTON HWY","LOUISVILLE","KY","40213","1991-10-24 00:00:00"
"100","A","2019-09-17 00:00:00","100","A","2019-02-05 00:00:00","100","A","2018-09-12 00:00:00","47805","605","FOOD SERVICE ESTABLISHMENT","33","SCHOOL CAFETERIA OR FOOD SERVICE","BRANDEIS ELEMENTARY SCHOOL","2817 W KENTUCKY ST","LOUISVILLE","KY","40211","1992-12-04 00:00:00"
"100","A","2019-09-09 00:00:00","100","A","2019-02-06 00:00:00","100","A","2018-09-05 00:00:00","50326","605","FOOD SERVICE ESTABLISHMENT","33","SCHOOL CAFETERIA OR FOOD SERVICE","WESTPORT EARLY CHILDHOOD CENTER 222","8800 WESTPORT RD","LOUISVILLE","KY","40242","1994-03-15 00:00:00"
"100","A","2019-09-18 00:00:00","99","A","2019-03-18 00:00:00","100","A","2018-10-11 00:00:00","54794","605","FOOD SERVICE ESTABLISHMENT","33","SCHOOL CAFETERIA OR FOOD SERVICE","RIVERPORT EDUCATION CENTRE","7401 RIVERPORT DR","LOUISVILLE","KY","40258","1996-02-12 00:00:00"
"99","A","2019-09-06 00:00:00","100","A","2019-03-19 00:00:00","100","A","2018-09-19 00:00:00","56895","605","FOOD SERVICE ESTABLISHMENT","33","SCHOOL CAFETERIA OR FOOD SERVICE","KENNEDY ELEMENTARY SCHOOL","4515 TAYLORSVILLE RD","LOUISVILLE","KY","40220","2009-10-20 00:00:00"
"98","A","2019-09-26 00:00:00","100","A","2019-02-01 00:00:00","99","A","2018-09-11 00:00:00","59648","605","FOOD SERVICE ESTABLISHMENT","33","SCHOOL CAFETERIA OR FOOD SERVICE","FARNSLEY MIDDLE SCHOOL","3400 LEES LANE","LOUISVILLE","KY","40216","1998-02-25 00:00:00"
"99","A","2019-09-11 00:00:00","98","A","2019-03-15 00:00:00","98","A","2018-09-19 00:00:00","60965","605","FOOD SERVICE ESTABLISHMENT","33","SCHOOL CAFETERIA OR FOOD SERVICE","LOUISVILLE ORAL DEAF SCHOOL","111 E KENTUCKY ST","LOUISVILLE","KY","40203","1998-08-26 00:00:00"
"98","A","2019-09-09 00:00:00","100","A","2019-03-19 00:00:00","100","A","2018-09-10 00:00:00","61377","605","FOOD SERVICE ESTABLISHMENT","33","SCHOOL CAFETERIA OR FOOD SERVICE","MCFERRAN ELEMENTARY SCHOOL","1900 S 7TH ST","LOUISVILLE","KY","40208","1998-11-17 00:00:00"
"99","A","2019-11-13 00:00:00","100","A","2019-03-15 00:00:00","99","A","2018-10-12 00:00:00","62677","605","FOOD SERVICE ESTABLISHMENT","33","SCHOOL CAFETERIA OR FOOD SERVICE","BRECKINRIDGE FRANKLIN ELEMENTARY SCHOOL","1351 PAYNE ST","LOUISVILLE","KY","40206","1999-07-27 00:00:00"
"100","A","2019-11-15 00:00:00","100","A","2019-02-08 00:00:00","100","A","2018-11-02 00:00:00","62860","605","FOOD SERVICE ESTABLISHMENT","33","SCHOOL CAFETERIA OR FOOD SERVICE","ST. MICHAELS SCHOOL","3705 STONE LAKES DR","LOUISVILLE","KY","40299","2009-10-20 00:00:00"
"100","A","2019-09-18 00:00:00","97","A","2019-02-06 00:00:00","100","A","2018-09-18 00:00:00","63346","605","FOOD SERVICE ESTABLISHMENT","33","SCHOOL CAFETERIA OR FOOD SERVICE","DAWSON ORMAN EDUCATION CENTER","900 S FLOYD ST","LOUISVILLE","KY","40203","1999-12-20 00:00:00"
"99","A","2019-10-10 00:00:00","100","A","2019-03-26 00:00:00","100","A","2018-10-16 00:00:00","63469","605","FOOD SERVICE ESTABLISHMENT","33","SCHOOL CAFETERIA OR FOOD SERVICE","JCPS NUTRITION SERVICE CENTER","360 FARMINGTON AVE","LOUISVILLE","KY","40209","1999-12-27 00:00:00"
"100","A","2019-09-04 00:00:00","100","A","2019-02-01 00:00:00","100","A","2018-09-10 00:00:00","68894","605","FOOD SERVICE ESTABLISHMENT","33","SCHOOL CAFETERIA OR FOOD SERVICE","CHANCEY ELEMENTARY","4301 MURPHY LN","LOUISVILLE","KY","40241","2002-12-18 00:00:00"
"100","A","2019-09-12 00:00:00","99","A","2019-03-12 00:00:00","100","A","2018-08-20 00:00:00","70851","605","FOOD SERVICE ESTABLISHMENT","33","SCHOOL CAFETERIA OR FOOD SERVICE","NATIVITY ACADEMY","529 E LIBERTY ST","LOUISVILLE","KY","40202","2009-10-20 00:00:00"
"100","A","2019-10-14 00:00:00","100","A","2019-02-07 00:00:00","100","A","2018-09-21 00:00:00","71034","605","FOOD SERVICE ESTABLISHMENT","33","SCHOOL CAFETERIA OR FOOD SERVICE","ISAAC SHELBY ELEMENTARY SCHOOL","735 ZIEGLER AVE","LOUISVILLE","KY","40217","2004-01-12 00:00:00"
"100","A","2019-10-16 00:00:00","100","A","2019-02-28 00:00:00","100","A","2018-09-20 00:00:00","76959","605","FOOD SERVICE ESTABLISHMENT","33","SCHOOL CAFETERIA OR FOOD SERVICE","CHRISTIAN ACADEMY OF LOUISVILLE S.W.","8307 ST. ANDREWS CHURCH RD","LOUISVILLE","KY","40258","2009-10-20 00:00:00"
"100","A","2019-10-11 00:00:00","98","A","2019-03-26 00:00:00","97","A","2018-10-16 00:00:00","77735","605","FOOD SERVICE ESTABLISHMENT","33","SCHOOL CAFETERIA OR FOOD SERVICE","HIGHLANDS LATIN SCHOOL","2800 FRANKFORT AVE","LOUISVILLE","KY","40206","2009-10-20 00:00:00"
"100","A","2019-10-29 00:00:00","100","A","2019-03-25 00:00:00","100","A","2018-11-16 00:00:00","78775","605","FOOD SERVICE ESTABLISHMENT","33","SCHOOL CAFETERIA OR FOOD SERVICE","FARMER ELEMENTARY SCHOOL","6405 GELHAUS LN","LOUISVILLE","KY","40299","2007-08-14 00:00:00"
"100","A","2019-10-29 00:00:00","100","A","2019-02-14 00:00:00","99","A","2018-11-08 00:00:00","82361","605","FOOD SERVICE ESTABLISHMENT","33","SCHOOL CAFETERIA OR FOOD SERVICE","RAMSEY MIDDLE SCHOOL","6409 GELHAUS LN","LOUISVILLE","KY","40299","2008-10-30 00:00:00"
"99","A","2019-09-17 00:00:00","100","A","2019-02-07 00:00:00","100","A","2018-09-11 00:00:00","84377","605","FOOD SERVICE ESTABLISHMENT","33","SCHOOL CAFETERIA OR FOOD SERVICE","ST. MARY ACADEMY","11311 ST. MARY LN","PROSPECT","KY","40059","2010-05-12 00:00:00"
"100","A","2019-10-24 00:00:00","100","A","2019-04-11 00:00:00","100","A","2018-10-03 00:00:00","84425","605","FOOD SERVICE ESTABLISHMENT","33","SCHOOL CAFETERIA OR FOOD SERVICE","MERCY ACADEMY","5801 FEGENBUSH LN","LOUISVILLE","KY","40228","2009-10-20 00:00:00"
"100","A","2019-10-03 00:00:00","100","A","2019-04-08 00:00:00","100","A","2018-09-26 00:00:00","84882","605","FOOD SERVICE ESTABLISHMENT","33","SCHOOL CAFETERIA OR FOOD SERVICE","MONTESSORI SCHOOL OF LOUISVILLE","10263 CHAMPION FARMS DR","LOUISVILLE","KY","40241","2009-12-07 00:00:00"
"99","A","2019-09-17 00:00:00","99","A","2019-02-06 00:00:00","99","A","2018-10-11 00:00:00","88212","605","FOOD SERVICE ESTABLISHMENT","33","SCHOOL CAFETERIA OR FOOD SERVICE","NUR ISLAMIC SCHOOL","6500 SIX MILE LN","LOUISVILLE","KY","40218","2011-04-21 00:00:00"
"100","A","2019-09-10 00:00:00","100","A","2019-01-25 00:00:00","100","A","2018-09-04 00:00:00","89185","605","FOOD SERVICE ESTABLISHMENT","33","SCHOOL CAFETERIA OR FOOD SERVICE","PORTLAND CHRISTIAN SCHOOL","8509 WESTPORT RD","LOUISVILLE","KY","40242","2011-10-03 00:00:00"
"98","A","2019-08-26 00:00:00","100","A","2019-02-11 00:00:00","100","A","2018-09-18 00:00:00","90352","605","FOOD SERVICE ESTABLISHMENT","33","SCHOOL CAFETERIA OR FOOD SERVICE","VALIANT CHRISTIAN ACADEMY","5627 NEW CUT RD","LOUISVILLE","KY","40214","2012-05-14 00:00:00"
"100","A","2019-08-26 00:00:00","98","A","2019-01-15 00:00:00","100","A","2018-08-07 00:00:00","92294","605","FOOD SERVICE ESTABLISHMENT","33","SCHOOL CAFETERIA OR FOOD SERVICE","EMMA L MINNIS JR. ACADEMY","1939 MAGAZINE ST","LOUISVILLE","KY","40203","2013-03-06 00:00:00"
"100","A","2019-10-02 00:00:00","100","A","2019-03-18 00:00:00","98","A","2018-09-19 00:00:00","93866","605","FOOD SERVICE ESTABLISHMENT","33","SCHOOL CAFETERIA OR FOOD SERVICE","UNSELD EARLY CHILDHOOD LEARNING CENTER","5216 ILEX AVE","LOUISVILLE","KY","40219","2013-08-29 00:00:00"
"100","A","2019-09-05 00:00:00","99","A","2019-02-06 00:00:00","100","A","2018-09-04 00:00:00","94280","605","FOOD SERVICE ESTABLISHMENT","33","SCHOOL CAFETERIA OR FOOD SERVICE","WEST END SCHOOL","3628 VIRGINIA AVE","LOUISVILLE","KY","40211","2013-10-29 00:00:00"
"100","A","2019-08-26 00:00:00","100","A","2019-01-18 00:00:00","100","A","2018-08-27 00:00:00","99105","605","FOOD SERVICE ESTABLISHMENT","33","SCHOOL CAFETERIA OR FOOD SERVICE","PITT ACADEMY","7515 WESTPORT RD","LOUISVILLE","KY","40222","2016-01-15 00:00:00"
"100","A","2019-09-18 00:00:00","100","A","2019-02-22 00:00:00","100","A","2018-09-14 00:00:00","100515","605","FOOD SERVICE ESTABLISHMENT","33","SCHOOL CAFETERIA OR FOOD SERVICE","NORTON COMMONS ELEMENTARY","10941 KINGS CROWN DR","PROSPECT","KY","40059","2016-07-26 00:00:00"
"97","A","2019-09-24 00:00:00","99","A","2019-03-08 00:00:00","99","A","2018-10-02 00:00:00","103329","605","FOOD SERVICE ESTABLISHMENT","33","SCHOOL CAFETERIA OR FOOD SERVICE","LOUISVILLE COLLEGIATE SCHOOL","2427 GLENMARY AVE","LOUISVILLE","KY","40204","2017-08-11 00:00:00"
"100","A","2019-10-11 00:00:00","99","A","2019-02-28 00:00:00","97","A","2018-10-01 00:00:00","103562","605","FOOD SERVICE ESTABLISHMENT","33","SCHOOL CAFETERIA OR FOOD SERVICE","LOUISVILLE ADVENTIST ACADEMY","2988 NEWBURG RD","LOUISVILLE","KY","40205","2017-09-12 00:00:00"